copa_run3	micro_avg: 0.890, macro_avg: 0.890, copa_accuracy: 0.890
winograd-coreference_run3	micro_avg: 0.635, macro_avg: 0.635, winograd-coreference_f1: 0.000, winograd-coreference_acc: 0.635
wic_run3	micro_avg: 0.712, macro_avg: 0.712, wic_accuracy: 0.712, wic_f1: 0.716, wic_precision: 0.705, wic_recall: 0.727
commitbank_run3	micro_avg: 0.715, macro_avg: 0.715, commitbank_accuracy: 0.875, commitbank_f1: 0.715, commitbank_precision: 0.919, commitbank_recall: 0.692
rte-superglue_run3	micro_avg: 0.809, macro_avg: 0.809, rte-superglue_accuracy: 0.809
boolq_run3	micro_avg: 0.823, macro_avg: 0.823, boolq_acc_f1: 0.823, boolq_accuracy: 0.804, boolq_f1: 0.842, boolq_precision: 0.843, boolq_recall: 0.842
commonsenseqa_run3	micro_avg: 0.662, macro_avg: 0.662, commonsenseqa_accuracy: 0.662
multirc_run3	micro_avg: 0.423, macro_avg: 0.423, multirc_ans_f1: 0.671, multirc_qst_f1: 0.596, multirc_em: 0.174, multirc_avg: 0.423
acceptability-conj_run3	micro_avg: 0.583, macro_avg: 0.583, acceptability-conj_acc_f1: 0.583, acceptability-conj_accuracy: 0.500, acceptability-conj_f1: 0.667
acceptability-def_run3	micro_avg: 0.583, macro_avg: 0.583, acceptability-def_acc_f1: 0.583, acceptability-def_accuracy: 0.500, acceptability-def_f1: 0.667
edges-spr2_run3	micro_avg: 0.000, macro_avg: 0.743, edges-spr2_mcc: 0.583, edges-spr2_acc: 0.000, edges-spr2_precision: 0.718, edges-spr2_recall: 0.770, edges-spr2_f1: 0.743
acceptability-eos_run3	micro_avg: 0.959, macro_avg: 0.959, acceptability-eos_acc_f1: 0.959, acceptability-eos_accuracy: 0.958, acceptability-eos_f1: 0.960
acceptability-wh_run3	micro_avg: 0.934, macro_avg: 0.934, acceptability-wh_acc_f1: 0.934, acceptability-wh_accuracy: 0.933, acceptability-wh_f1: 0.935
edges-rel-semeval_run3	micro_avg: 0.000, macro_avg: 0.000, edges-rel-semeval_mcc: 0.000, edges-rel-semeval_acc: 0.000, edges-rel-semeval_precision: 0.000, edges-rel-semeval_recall: 0.000, edges-rel-semeval_f1: 0.000
edges-dpr_run3	micro_avg: 0.000, macro_avg: 0.667, edges-dpr_mcc: 0.000, edges-dpr_acc: 0.000, edges-dpr_precision: 0.500, edges-dpr_recall: 1.000, edges-dpr_f1: 0.667
edges-spr1_run3	micro_avg: 0.000, macro_avg: 0.695, edges-spr1_mcc: 0.562, edges-spr1_acc: 0.116, edges-spr1_precision: 0.707, edges-spr1_recall: 0.683, edges-spr1_f1: 0.695
edges-srl-ontonotes_run3	micro_avg: 0.000, macro_avg: 0.000, edges-srl-ontonotes_mcc: 0.000, edges-srl-ontonotes_acc: 0.000, edges-srl-ontonotes_precision: 0.000, edges-srl-ontonotes_recall: 0.000, edges-srl-ontonotes_f1: 0.000
cola_run3	micro_avg: 0.629, macro_avg: 0.629, cola_mcc: 0.629, cola_accuracy: 0.847
se-probing-sentence-length_run3	micro_avg: 0.458, macro_avg: 0.458, se-probing-sentence-length_accuracy: 0.458
edges-coref-ontonotes_run3	micro_avg: 0.000, macro_avg: 0.799, edges-coref-ontonotes_mcc: 0.598, edges-coref-ontonotes_acc: 0.797, edges-coref-ontonotes_precision: 0.798, edges-coref-ontonotes_recall: 0.801, edges-coref-ontonotes_f1: 0.799
se-probing-top-constituents_run3	micro_avg: 0.931, macro_avg: 0.931, se-probing-top-constituents_accuracy: 0.931
se-probing-past-present_run3	micro_avg: 0.889, macro_avg: 0.889, se-probing-past-present_accuracy: 0.889
se-probing-obj-number_run3	micro_avg: 0.960, macro_avg: 0.960, se-probing-obj-number_accuracy: 0.960
edges-pos-ontonotes_run3	micro_avg: 0.000, macro_avg: 0.006, edges-pos-ontonotes_mcc: -0.015, edges-pos-ontonotes_acc: 0.006, edges-pos-ontonotes_precision: 0.006, edges-pos-ontonotes_recall: 0.006, edges-pos-ontonotes_f1: 0.006
se-probing-word-content_run3	micro_avg: 0.997, macro_avg: 0.997, se-probing-word-content_accuracy: 0.997
se-probing-subj-number_run3	micro_avg: 0.930, macro_avg: 0.930, se-probing-subj-number_accuracy: 0.930
se-probing-coordination-inversion_run3	micro_avg: 0.872, macro_avg: 0.872, se-probing-coordination-inversion_accuracy: 0.872
se-probing-tree-depth_run3	micro_avg: 0.748, macro_avg: 0.748, se-probing-tree-depth_accuracy: 0.748
se-probing-bigram-shift_run3	micro_avg: 0.976, macro_avg: 0.976, se-probing-bigram-shift_accuracy: 0.976
se-probing-odd-man-out_run3	micro_avg: 0.753, macro_avg: 0.753, se-probing-odd-man-out_accuracy: 0.753
edges-ner-ontonotes_run3	micro_avg: 0.000, macro_avg: 0.963, edges-ner-ontonotes_mcc: 0.960, edges-ner-ontonotes_acc: 0.961, edges-ner-ontonotes_precision: 0.964, edges-ner-ontonotes_recall: 0.961, edges-ner-ontonotes_f1: 0.963
cosmosqa_run3	micro_avg: 0.740, macro_avg: 0.740, cosmosqa_accuracy: 0.740
edges-dep-ud-ewt_run3	micro_avg: 0.000, macro_avg: 0.080, edges-dep-ud-ewt_mcc: 0.060, edges-dep-ud-ewt_acc: 0.080, edges-dep-ud-ewt_precision: 0.080, edges-dep-ud-ewt_recall: 0.080, edges-dep-ud-ewt_f1: 0.080
edges-nonterminal-ontonotes_run3	micro_avg: 0.000, macro_avg: 0.885, edges-nonterminal-ontonotes_mcc: 0.881, edges-nonterminal-ontonotes_acc: 0.807, edges-nonterminal-ontonotes_precision: 0.865, edges-nonterminal-ontonotes_recall: 0.906, edges-nonterminal-ontonotes_f1: 0.885
record_run3	micro_avg: 0.755, macro_avg: 0.755, record_f1: 0.759, record_em: 0.752, record_avg: 0.755
